{"graph_0": {"_type": "graph-file", "path": "media/graph/g.r.a.p.h._.0_summary_1408d580.graph.json", "sha256": "1408d580f20d9c0d837ddfea97c32c0dee6eaca61785b871390cde13800e4b5d", "size": 1387}, "Reward": -450.4117992961022, "Average100": -404.4690203260107, "Step": 503933, "_step": 1864, "_runtime": 31172, "_timestamp": 1605098918, "gradients/value.bias": {"_type": "histogram", "values": [0.0, 0.0, 0.0, 0.0, 0.0, 0.0, 0.0, 0.0, 0.0, 0.0, 0.0, 0.0, 0.0, 0.0, 0.0, 0.0, 0.0, 0.0, 0.0, 0.0, 0.0, 0.0, 0.0, 0.0, 0.0, 0.0, 0.0, 0.0, 0.0, 0.0, 0.0, 0.0, 1.0, 0.0, 0.0, 0.0, 0.0, 0.0, 0.0, 0.0, 0.0, 0.0, 0.0, 0.0, 0.0, 0.0, 0.0, 0.0, 0.0, 0.0, 0.0, 0.0, 0.0, 0.0, 0.0, 0.0, 0.0, 0.0, 0.0, 0.0, 0.0, 0.0, 0.0, 0.0], "bins": [-0.22843027114868164, -0.22843027114868164, -0.22843027114868164, -0.22843027114868164, -0.22843027114868164, -0.22843027114868164, -0.22843027114868164, -0.22843027114868164, -0.22843027114868164, -0.22843027114868164, -0.22843027114868164, -0.22843027114868164, -0.22843027114868164, -0.22843027114868164, -0.22843027114868164, -0.22843027114868164, -0.22843027114868164, -0.22843027114868164, -0.22843027114868164, -0.22843027114868164, -0.22843027114868164, -0.22843027114868164, -0.22843027114868164, -0.22843027114868164, -0.22843027114868164, -0.22843027114868164, -0.22843027114868164, -0.22843027114868164, -0.22843027114868164, -0.22843027114868164, -0.22843027114868164, -0.22843027114868164, -0.22843027114868164, -0.22843027114868164, -0.22843027114868164, -0.22843027114868164, -0.22843027114868164, -0.22843027114868164, -0.22843027114868164, -0.22843027114868164, -0.22843027114868164, -0.22843027114868164, -0.22843027114868164, -0.22843027114868164, -0.22843027114868164, -0.22843027114868164, -0.22843027114868164, -0.22843027114868164, -0.22843027114868164, -0.22843027114868164, -0.22843027114868164, -0.22843027114868164, -0.22843027114868164, -0.22843027114868164, -0.22843027114868164, -0.22843027114868164, -0.22843027114868164, -0.22843027114868164, -0.22843027114868164, -0.22843027114868164, -0.22843027114868164, -0.22843027114868164, -0.22843027114868164, -0.22843027114868164, -0.22843027114868164]}, "gradients/value.weight": {"_type": "histogram", "values": [1.0, 0.0, 0.0, 0.0, 1.0, 0.0, 0.0, 0.0, 0.0, 0.0, 0.0, 0.0, 0.0, 0.0, 0.0, 0.0, 0.0, 0.0, 0.0, 0.0, 0.0, 1.0, 0.0, 0.0, 0.0, 0.0, 1.0, 0.0, 0.0, 0.0, 0.0, 0.0, 0.0, 0.0, 0.0, 1.0, 0.0, 0.0, 1.0, 0.0, 2.0, 1.0, 0.0, 1.0, 1.0, 1.0, 0.0, 1.0, 3.0, 29.0, 0.0, 1.0, 0.0, 1.0, 0.0, 2.0, 0.0, 0.0, 0.0, 0.0, 0.0, 0.0, 0.0, 1.0], "bins": [-26.22197723388672, -25.691469192504883, -25.160961151123047, -24.630455017089844, -24.099946975708008, -23.569438934326172, -23.03893280029297, -22.508424758911133, -21.977916717529297, -21.44740867614746, -20.916900634765625, -20.386394500732422, -19.855886459350586, -19.32537841796875, -18.794872283935547, -18.26436424255371, -17.733856201171875, -17.20334815979004, -16.672840118408203, -16.142333984375, -15.611825942993164, -15.081317901611328, -14.550810813903809, -14.020303726196289, -13.489795684814453, -12.959287643432617, -12.428780555725098, -11.898273468017578, -11.367765426635742, -10.837257385253906, -10.306750297546387, -9.776243209838867, -9.245735168457031, -8.715227127075195, -8.184720039367676, -7.654212474822998, -7.12370491027832, -6.593197345733643, -6.062689781188965, -5.532182216644287, -5.001674652099609, -4.471167087554932, -3.940659523010254, -3.410151958465576, -2.8796443939208984, -2.3491368293762207, -1.818629264831543, -1.2881217002868652, -0.7576141357421875, -0.22710657119750977, 0.30340099334716797, 0.8339085578918457, 1.3644161224365234, 1.8949236869812012, 2.425431251525879, 2.9559388160705566, 3.4864463806152344, 4.016953945159912, 4.54746150970459, 5.077969074249268, 5.608476638793945, 6.138984203338623, 6.669491767883301, 7.1999993324279785, 7.730506896972656]}, "gradients/matrix_entries.bias": {"_type": "histogram", "values": [0.0, 0.0, 0.0, 0.0, 0.0, 0.0, 0.0, 0.0, 0.0, 0.0, 0.0, 0.0, 0.0, 0.0, 0.0, 0.0, 0.0, 0.0, 0.0, 0.0, 0.0, 0.0, 0.0, 0.0, 0.0, 0.0, 0.0, 0.0, 0.0, 0.0, 0.0, 0.0, 36.0, 0.0, 0.0, 0.0, 0.0, 0.0, 0.0, 0.0, 0.0, 0.0, 0.0, 0.0, 0.0, 0.0, 0.0, 0.0, 0.0, 0.0, 0.0, 0.0, 0.0, 0.0, 0.0, 0.0, 0.0, 0.0, 0.0, 0.0, 0.0, 0.0, 0.0, 0.0], "bins": [0.0, 0.0, 0.0, 0.0, 0.0, 0.0, 0.0, 0.0, 0.0, 0.0, 0.0, 0.0, 0.0, 0.0, 0.0, 0.0, 0.0, 0.0, 0.0, 0.0, 0.0, 0.0, 0.0, 0.0, 0.0, 0.0, 0.0, 0.0, 0.0, 0.0, 0.0, 0.0, 0.0, 0.0, 0.0, 0.0, 0.0, 0.0, 0.0, 0.0, 0.0, 0.0, 0.0, 0.0, 0.0, 0.0, 0.0, 0.0, 0.0, 0.0, 0.0, 0.0, 0.0, 0.0, 0.0, 0.0, 0.0, 0.0, 0.0, 0.0, 0.0, 0.0, 0.0, 0.0, 0.0]}, "gradients/matrix_entries.weight": {"_type": "histogram", "values": [0.0, 0.0, 0.0, 0.0, 0.0, 0.0, 0.0, 0.0, 0.0, 0.0, 0.0, 0.0, 0.0, 0.0, 0.0, 0.0, 0.0, 0.0, 0.0, 0.0, 0.0, 0.0, 0.0, 0.0, 0.0, 0.0, 0.0, 0.0, 0.0, 0.0, 0.0, 0.0, 1800.0, 0.0, 0.0, 0.0, 0.0, 0.0, 0.0, 0.0, 0.0, 0.0, 0.0, 0.0, 0.0, 0.0, 0.0, 0.0, 0.0, 0.0, 0.0, 0.0, 0.0, 0.0, 0.0, 0.0, 0.0, 0.0, 0.0, 0.0, 0.0, 0.0, 0.0, 0.0], "bins": [0.0, 0.0, 0.0, 0.0, 0.0, 0.0, 0.0, 0.0, 0.0, 0.0, 0.0, 0.0, 0.0, 0.0, 0.0, 0.0, 0.0, 0.0, 0.0, 0.0, 0.0, 0.0, 0.0, 0.0, 0.0, 0.0, 0.0, 0.0, 0.0, 0.0, 0.0, 0.0, 0.0, 0.0, 0.0, 0.0, 0.0, 0.0, 0.0, 0.0, 0.0, 0.0, 0.0, 0.0, 0.0, 0.0, 0.0, 0.0, 0.0, 0.0, 0.0, 0.0, 0.0, 0.0, 0.0, 0.0, 0.0, 0.0, 0.0, 0.0, 0.0, 0.0, 0.0, 0.0, 0.0]}, "gradients/action_values.bias": {"_type": "histogram", "values": [1.0, 0.0, 0.0, 0.0, 0.0, 0.0, 0.0, 0.0, 0.0, 0.0, 0.0, 0.0, 0.0, 0.0, 0.0, 0.0, 0.0, 0.0, 0.0, 0.0, 0.0, 0.0, 0.0, 0.0, 0.0, 0.0, 0.0, 0.0, 0.0, 0.0, 0.0, 0.0, 0.0, 0.0, 0.0, 0.0, 0.0, 1.0, 0.0, 0.0, 2.0, 1.0, 0.0, 0.0, 0.0, 0.0, 0.0, 0.0, 0.0, 0.0, 0.0, 0.0, 1.0, 0.0, 0.0, 0.0, 0.0, 0.0, 1.0, 0.0, 0.0, 0.0, 0.0, 1.0], "bins": [-0.0105438856408, -0.01028213370591402, -0.010020381771028042, -0.009758629836142063, -0.009496877901256084, -0.009235125035047531, -0.008973373100161552, -0.008711621165275574, -0.008449869230389595, -0.008188117295503616, -0.007926365360617638, -0.007664613425731659, -0.007402861025184393, -0.007141109090298414, -0.0068793571554124355, -0.006617605220526457, -0.006355853285640478, -0.0060941013507544994, -0.005832349415868521, -0.005570597015321255, -0.005308845080435276, -0.005047093145549297, -0.004785341210663319, -0.00452358927577734, -0.004261837340891361, -0.0040000854060053825, -0.00373833323828876, -0.0034765813034027815, -0.003214829135686159, -0.0029530772008001804, -0.0026913252659142017, -0.002429573331028223, -0.002167820930480957, -0.0019060688791796565, -0.001644316827878356, -0.0013825648929923773, -0.0011208128416910768, -0.0008590607903897762, -0.0005973088555037975, -0.000335556804202497, -7.380475290119648e-05, 0.0001879472692962736, 0.00044969929149374366, 0.0007114512845873833, 0.0009732033358886838, 0.0012349553871899843, 0.001496707322075963, 0.0017584593733772635, 0.002020211424678564, 0.0022819633595645428, 0.002543715527281165, 0.002805467462167144, 0.003067219629883766, 0.003328971564769745, 0.0035907234996557236, 0.0038524754345417023, 0.004114227369427681, 0.00437597930431366, 0.004637731239199638, 0.004899483174085617, 0.005161235574632883, 0.005422987509518862, 0.0056847394444048405, 0.005946491379290819, 0.006208243779838085]}, "gradients/action_values.weight": {"_type": "histogram", "values": [1.0, 0.0, 0.0, 0.0, 0.0, 0.0, 0.0, 0.0, 0.0, 0.0, 0.0, 0.0, 1.0, 0.0, 0.0, 0.0, 0.0, 0.0, 0.0, 0.0, 0.0, 0.0, 0.0, 0.0, 1.0, 1.0, 0.0, 0.0, 0.0, 0.0, 0.0, 0.0, 1.0, 1.0, 0.0, 1.0, 0.0, 0.0, 0.0, 1.0, 0.0, 0.0, 0.0, 0.0, 2.0, 0.0, 6.0, 342.0, 12.0, 7.0, 4.0, 4.0, 2.0, 2.0, 5.0, 2.0, 0.0, 0.0, 1.0, 0.0, 1.0, 0.0, 0.0, 2.0],