{"graph_0": {"_type": "graph-file", "path": "media/graph/g.r.a.p.h._.0_summary_f7806b43.graph.json", "sha256": "f7806b436c9e2f956275064cca8dc7cb28a3232d7669afd93f84dbfbce1e58ae", "size": 1387}, "Reward": -512.7251044286104, "Average100": -512.7251044286104, "Step": 299, "_step": 0, "_runtime": 21, "_timestamp": 1605099330}