{"graph_0": {"_type": "graph-file", "path": "media/graph/g.r.a.p.h._.0_summary_784a19e4.graph.json", "sha256": "784a19e44e23201523e7a29d3ed630972763a22599dd93fb283d2d939b175341", "size": 1387}, "Reward": -296.66010462295776, "Average100": -296.66010462295776, "Step": 299, "_step": 0, "_runtime": 23, "_timestamp": 1605409784}